4067088,742499,72,34335,30613,34655,28505,34704,30114,42761,30008,4260288,35190,33537,34356,28536,34895,34974,698388,35419,4611995,34428,39942,33519,674049,3810205,717902,36263,36579,34671,34920,40795,35545,36496,30580,37055,35964,33815,34690,36997,43220,30956,40135,33171,38434,466327,37117,37444,35315,36708,36951,33435,33220,42643,3813915,34923,35981,33009,23852,36119,35631,34992,470897,36523,406503,39373,36095,38465,30900,29768,35331,40321,30942,34681,29731,28385,34760,37238,41846,37234,43103,4106420,35058,34715,34636,29738,29992,34749,32905,1358599,23784,37103,30297,32894,39678,35277,4636631,4630392,36033,3513016,39118,38806,32844,156182,3724123,467797,37022,35104,639747,33182,465618,35777,35166,35609,37674,28501,1064728,2338184,4253794,3091958,1725620,3132552,36130,43709,1371407,477770,36003,4589967,34947,3793291,38815,37002,34725,35707,1385728,31963,33149,34667,23793,37495,42000,43775,717693,602498,117270,42572,485597,3605019,34817,33177,442695,36841,35020,36749,34647,30731,39499,38675,30417,34490,683329,35415,615692,39969,34440,34363,4125561,108340,35940,31983,36622,1308104,35355,433885,23350,40197,37167,35392,34673,31903,113330,38274,538147,120384,34821,36117,4408483,121215,39697,2769484,4614819,35200,4111625,30290,39874,111185,1184643,4619284,37198,30363,634974,642022,623718,41019,34632,43198,33816,3270895,35421,433728,35224,41545,33774,613670,35149,38676,35710,38407,3810586,3979856,34846,3018231,37011,4613902,31937,35244,4651821,37303,703991,35250,38761,29178,485592,599981,4125490,4391787,4138523,123156,41630,120608,472305,41979,4402173,29827,144418,37005,37380,40732,38249,110124,4022817,209253,40008,42328,667753,42981,33425,39968,33409,41295,28538,4630145,37728,37315,35714,4059444,2818794,202397,4636596,36352,38819,3275114,36725,121512,3798593,34996,36968,3534142,3041401,4275909,40855,3547946,4121089,41423,35096,1290817,33733,1580198,137432,4110401,2689561,3548601,444703,34970,36169,36766,35006,35535,2465444,42115
4067088,742499,72,34335,30613,4658838,34655,34704,30114,42761,28505,30008,35190,34974,4260288,34356,33537,4611995,35419,28536,3810205,34895,36579,33519,717902,39942,34428,37238,40795,674049,34671,36263,34920,35545,34690,36496,37055,33815,43220,36997,38434,33171,30900,40135,30956,466327,37117,35315,33435,36708,406503,37444,35964,30580,23852,33220,3813915,42643,36951,34681,698388,34923,35981,35331,33009,470897,35631,36119,36095,28385,1358599,34992,38465,1725620,38806,39373,29768,40321,29731,3513016,30942,36523,29738,37234,34715,34760,156182,23784,32905,30297,29992,41846,683329,4106420,34749,36130,35058,43103,34636,4618036,39118,35277,32894,2338184,36033,32844,3724123,3091958,33182,39678,37103,465618,37674,37022,467797,4614819,1385728,41545,35777,35104,634974,602498,3605019,639747,42572,31963,37002,30417,35609,4253794,31903,23793,1371407,4636631,477770,4589967,30731,28501,36003,34947,717693,38815,113330,33149,116286,2465444,615692,37198,442695,485597,42000,1064728,34725,33177,34647,37495,34667,485592,35707,35020,39499,433728,4125561,23350,121215,34817,117270,4412725,40197,35415,36841,4661660,39969,34490,43775,31937,37303,433885,34363,4580878,35166,38274,38675,36622,34440,3979856,1184643,120384,34673,3965322,43198,34846,36117,39697,31983,1561102,35940,30290,2769484,613670,3810586,37167,35200,4638250,111185,538147,35392,4111625,34821,39874,29178,35224,33816,4573198,34632,623718,3798593,35355,30363,1580198,33774,4613902,1308104,4022817,37011,41019,35710,642022,120608,38761,35244,36725,37728,41630,4550891,37005,2539641,35149,38676,599981,4551820,3091868,37315,29827,42981,35421,3132552,110124,202397,29724,41479,1682499,33425,41423,41589,4125490,193377,40855,43709,3919818,39968,38407,667753,36766,37380,209253,4391787,108340,41979,472305,4402173,41295,42130,29239,42328,4275909,41838,38249,3018231,703991,3548601,3041401,4408766,35096,40732,40008,725442,3547946,123156,34996,3270895,33409,35250,36968,33733,3238322,3275114,4626308,35476,3186714
4067088,742499,72,34335,30613,34655,34704,30114,28505,42761,30008,35190,34356,33537,35419,34974,28536,4611995,4260288,34895,37238,3810205,33519,36579,39942,34428,674049,717902,40795,34671,36263,34920,37055,36496,33815,35545,36997,43220,34690,33171,37444,40135,35315,38434,30900,466327,36708,37117,30956,33435,33009,30580,23852,35964,33220,470897,406503,3813915,36951,35981,36095,34681,35331,36119,39373,38465,42643,34992,38806,34923,1725620,35631,1358599,29768,28385,698388,29731,41846,3513016,4667057,29738,4106420,34715,40321,35058,29992,32905,30942,30297,37234,23784,3032354,34760,37103,34749,683329,35277,4614819,36130,39118,34636,36523,33182,36033,39678,3724123,156182,37022,43103,32894,32844,3091958,37674,634974,2338184,465618,35104,3605019,1385728,31963,28501,35609,1064728,4589967,35777,639747,42572,34947,602498,113330,30417,35244,477770,37002,1371407,2465444,717693,23793,615692,38815,30731,34725,467797,442695,37495,4253794,33177,4638250,33149,36003,31903,117270,42000,31983,4636631,485597,35707,34817,485592,36117,40732,34647,34490,36841,35020,36622,38675,40197,23350,3965322,34440,433885,121215,35415,4550891,39499,34846,37303,39969,34821,37198,2769484,37167,34673,42115,120384,39874,3979856,34667,38274,116286,433728,4125490,3798593,34363,35166,111185,3091868,3810586,35940,613670,31937,43775,30290,35392,41545,35200,35224,29178,35355,4613902,34632,39697,33774,2909443,2539641,43198,30363,1561102,41019,36725,538147,642022,4111625,33816,1580198,37005,37011,35149,599981,4412725,38676,1308104,35710,623718,4402173,29827,31526,35421,4022817,37728,36032,42981,38407,41630,3919818,120608,1682499,472305,37315,37380,40855,38249,41479,33425,209253,38761,4275909,108340,202397,42130,41589,36968,4391787,39968,37203,1184643,3132552,3548601,193377,667753,28538,3041401,29239,42328,40008,36766,41979,34996,121512,33409,41295,3547946,110124,41423,36352,123156,35096,36517,40901,2689561,4105439,38819,36169,3805641,23384,41889,35476,29724,686554
742499,4067088,72,30613,34335,34655,30114,34704,42761,28505,30008,34356,35190,33537,34974,35419,4260288,28536,34895,37238,40732,3810205,4611995,39942,33519,34428,40795,36579,674049,34671,36496,717902,37055,36263,34920,37444,33815,43220,36997,35545,466327,37117,35315,30580,40135,38434,33171,36708,34690,30900,33435,33009,33220,34992,23852,36095,30956,3813915,470897,35981,36119,36951,38465,29768,39373,34681,3032354,35244,35331,1358599,28385,35631,1725620,35964,3513016,41846,34923,38806,2909443,42643,29731,406503,698388,32905,30297,29992,4106420,29738,35058,23784,34715,3938081,36130,34947,37234,39118,34636,35277,634974,30942,108340,33182,683329,37022,37103,34749,39678,40321,34760,4614819,156182,465618,1385728,35104,32844,35609,3091958,3605019,36033,3724123,42572,28501,43103,36523,1064728,4589967,31963,32894,37674,602498,615692,37002,4638250,639747,30417,717693,113330,477770,2465444,30731,34725,23793,117270,38815,1371407,35777,33177,2338184,485592,121215,485597,33149,37495,1254216,31983,35020,442695,3965322,38675,34817,35707,39874,30586,3810586,34647,4253794,36003,35415,36622,34490,3979856,433885,2539641,36117,42000,34440,3798593,36841,23350,31903,37198,34821,40197,34673,37167,120384,39969,34846,4125490,35149,35392,4550891,29178,30290,31937,35224,38274,39499,35200,1580198,613670,35940,34632,111185,36725,3091868,43198,599981,2769484,37728,41019,538147,33774,34363,37005,39697,4636631,35355,4653208,41545,35166,37303,467797,37380,120608,30363,4613902,41479,642022,35421,1561102,1308104,29827,110124,37011,41979,38407,42115,4111625,28538,40855,472305,38676,42981,4022817,33816,36383,3919818,121512,4402173,37315,43775,29239,1682499,35710,34667,3547946,123156,4275909,42130,41630,623718,36517,36968,38249,36766,209253,433728,40008,40901,39968,667753,2452781,3805641,34996,193377,686554,1266182,3548601,23565,3041401,38761,3531213,41889,34325,23384,39923,41295,35476,38486,33409,2689561,42328,38819,35830,3132552,33425,36169,4391787,4105439
742499,4067088,72,30613,34335,40732,34655,30114,34704,42761,28505,34356,30008,35419,35190,33537,34974,34895,28536,4260288,37238,3810205,33519,39942,34428,40795,4611995,36496,36579,34671,466327,674049,37055,36263,34920,717902,33815,43220,37444,35545,33220,36997,35315,37117,34690,33171,40135,38434,36708,30580,33435,34992,23852,30956,33009,30900,35244,36095,3938081,35981,39373,3813915,470897,36951,38465,35631,29768,2909443,36119,42643,28385,1358599,35331,34681,3513016,29731,32905,34923,35964,38806,29992,35058,1725620,34715,30297,41846,23784,1254216,30942,29738,698388,37234,34636,34760,40321,35277,39678,4106420,634974,34749,39118,34947,37022,32894,33182,28501,37002,43103,36130,35104,3032354,4589967,3605019,4638250,406503,35609,37103,36523,42572,465618,1064728,1385728,32844,602498,3724123,31963,36033,35777,3091958,615692,30731,717693,156182,477770,639747,117270,30417,4614819,38815,37674,33177,33149,1371407,23793,34725,113330,37495,35020,2465444,467797,31983,34817,485597,36003,38675,31903,35707,35415,36622,37198,3810586,683329,3798593,34647,39874,485592,3965322,34490,442695,34440,34821,3979856,40197,433885,42000,36841,120384,4662596,2338184,121215,41979,34673,35149,4253794,34846,37167,39969,4125490,35392,23350,2539641,39499,34363,35224,29178,30290,38274,41630,35200,3270895,599981,1580198,39697,4667059,34667,35940,36117,38407,31937,37728,111185,34632,41019,35355,30363,38676,28538,4111625,2769484,613670,33774,37011,108340,29827,35421,123156,37005,42981,1682499,4550891,35710,3091868,472305,33816,41479,642022,36725,37380,3547946,4653208,538147,40855,29239,40008,37315,36383,36968,623718,1561102,4275909,4402173,35166,2845110,38249,433728,4613902,4636631,121512,4022817,36766,37303,41545,209253,667753,110124,3805641,38486,43198,42130,30586,1266182,23565,39968,3919818,120608,3041401,193377,40901,38761,42328,33002,3548601,33409,42115,34996,686554,2689561,36169,35426,36517,4105439,39876,41889,3816075,41423,34120,39923,35830,41295,4007002
34335,742499,72,4067088,30613,40732,34655,30114,34704,28505,42761,30008,34356,35419,33537,35190,34974,4260288,28536,34895,33519,3810205,37238,34428,39942,40795,34671,36263,36496,36579,466327,4611995,34920,37055,717902,674049,35545,43220,34690,33815,36997,33220,40135,33171,35315,37117,30956,38434,37444,33435,35244,36708,23852,30900,2909443,30580,42643,36951,3813915,34681,36095,28385,35631,34992,33009,38465,35981,1358599,39373,29768,35331,36119,3513016,29992,32905,34760,34923,30942,40321,29731,23784,38806,37002,38407,37234,30297,43103,470897,34715,35964,29738,34749,35058,39678,36523,32894,634974,467797,1385728,35277,34636,3938081,35166,39118,37167,1254216,37022,4106420,3605019,42572,4667059,33182,35777,465618,31963,698388,602498,4662596,41846,4589967,35609,3724123,36033,37103,30417,1725620,4614819,36130,30731,615692,34947,35104,28501,108340,38815,1371407,3797787,477770,4055160,32844,156182,3091958,37198,717693,639747,23793,33177,33149,2465444,1064728,36003,31903,117270,35707,4638250,4408483,35020,37674,34673,37495,433885,35415,34647,39499,34667,38675,42000,34725,113330,40197,35421,34363,3979856,34440,120384,442695,34490,3965322,41545,36622,34817,485597,39969,38676,2338184,3270895,39874,31983,36841,406503,34821,39697,1580198,3798593,33816,599981,30290,38274,4253794,34846,35392,35224,29178,35200,23350,37728,538147,41979,3810586,121215,623718,30363,111185,1682499,29827,120608,42981,31937,485592,455276,4125490,34632,36102,41630,683329,36725,35710,37011,2769484,29239,37315,36117,433728,40855,36766,4111625,35149,41479,35940,4636631,41423,642022,667753,41019,33774,1561102,3547946,209253,101204,40008,4022817,472305,2997722,3032354,28538,622964,613670,4275909,37005,36968,3041401,4028714,38761,3919818,42328,33733,193377,34783,34996,4550891,33425,39405,33002,3805641,38249,3238322,39968,31526,40901,41295,37303,2709211,4402173,23888,36169,34120,2689561,3548601,3816075,35096,39923,37380,3091868,725442,123156,43198,36870,23384,42130,23565
34335,742499,72,4067088,30613,34655,40732,30114,34704,28505,42761,35419,30008,34356,33537,35190,28536,37238,36263,34895,34974,33519,4260288,34428,3810205,39942,40795,36496,36579,34671,466327,37055,34920,674049,4611995,4679126,34690,717902,35545,3022495,33815,43220,4679537,36997,4618721,33171,35315,33220,40135,37117,30956,30580,38407,38434,37444,36708,23852,35244,33435,2909443,34992,30900,42643,36951,4682150,36095,38465,39373,33009,28385,3813915,35631,35981,29768,34681,40321,37167,35331,36119,1358599,4679127,34760,1725620,35166,110267,32905,29992,30942,3513016,23784,29731,34923,43103,34715,470897,38806,37234,35058,30297,35964,29738,39678,34749,467797,32894,3619872,36523,35277,34636,4667059,37002,39118,37022,634974,33182,3605019,1385728,35777,31963,3797787,4106420,37103,1254216,35609,4589967,4662596,465618,41846,28501,36033,34947,1064728,35104,4614819,42572,1371407,3938081,698388,602498,33177,3724123,38815,477770,30731,639747,30417,36130,717693,615692,3091958,23793,4638250,32844,33149,2465444,117270,37495,36003,4408483,35020,35707,455276,38675,38676,37198,42000,40197,37674,3965322,34667,113330,433885,31903,34673,34490,156182,34647,34725,34440,36622,34363,120384,34817,31983,39499,35421,485597,39874,35415,4125490,39969,38274,36841,34821,4265705,599981,442695,3979856,39697,3798593,3270895,35392,34846,35224,2338184,30290,35200,1580198,42981,538147,406503,29178,33816,37728,23350,31937,29827,108340,36725,4253794,1682499,111185,41019,623718,36117,4111625,34632,472305,37011,120608,35710,642022,683329,35149,37315,40008,33774,41545,41630,29239,4636631,41979,2769484,37005,121215,35940,23888,3810586,4550891,40855,36102,36968,433728,38249,1561102,622964,36766,28538,2997722,3547946,4028714,36169,209253,4275909,41423,42328,613670,41479,4402173,33425,3238322,33733,4022817,40901,3041401,485592,36352,38761,667753,34120,2689561,35355,34996,35096,3919818,31178,39538,34203,30586,41295,36870,193377,38768,36383,4105439,35426,3032354,23384,652919,33002
34335,36263,742499,72,30613,4639236,34655,30114,34704,4067088,28505,40732,4260288,30008,34356,42761,35419,33537,34974,33519,28536,35190,3810205,34895,4581968,36579,4612060,39942,34428,37238,40795,34671,4616178,466327,34920,38407,717902,36496,37055,674049,43220,34690,35545,33815,40135,36997,37117,33171,35315,3619872,4611995,30956,33220,30580,38434,23852,28385,30900,37444,33435,36708,35244,4686415,36951,42643,2909443,34681,3813915,36095,38465,40321,34992,4686436,1158572,1358599,29768,37167,29992,39373,34760,35981,1725620,35631,3513016,23784,35331,30942,34923,29731,32905,30297,110267,36119,4667059,33009,43103,29738,36523,34715,634974,2336875,37234,1385728,38806,34749,35058,32894,34636,39118,39678,35777,4106420,35277,467797,42572,35964,4679861,33182,3605019,37022,31963,602498,34947,37002,465618,35166,4589967,36033,470897,30731,36130,30417,35609,35104,1371407,2465444,639747,4638250,33177,23793,717693,38815,3091958,477770,156182,4614819,1064728,117270,3724123,35421,37103,35020,615692,33149,433885,28501,34647,3231063,698388,36003,41846,37198,34490,120384,3979856,1254216,37674,37495,34363,42000,40197,38274,31903,113330,4662596,3965322,38675,35415,34667,34440,1580198,35707,34673,39874,37728,121215,4408483,39969,485597,36622,442695,34725,38676,35224,599981,34192,36841,42981,36725,34817,4401233,31983,39697,32844,472305,39499,35200,29178,35392,30290,23350,683329,3938081,4125490,538147,34821,3797787,3798593,31937,4253794,29239,37315,29827,2338184,652919,37005,1682499,36766,3270895,642022,623718,33816,23916,41479,2997722,2845110,35710,40855,209253,35149,37011,34632,4111625,3805641,37303,41423,34846,41630,4121089,31178,120608,40008,3238322,33425,3952016,3919818,3810586,4106018,4028714,111185,41019,39538,36117,34783,3041401,41979,23384,39923,4275909,686554,41545,4022817,3548601,2769484,1284130,36169,35096,193377,3547946,4402173,4636631,42328,667753,34996,613670,23565,36968,40901,4105439,38761,2689561,485592,703991,28538,1561102,38486,38249,4550891,39968,35830
4690052,4690051,36263,34335,742499,72,30613,34655,30114,34704,28505,42761,4260288,4067088,34356,40732,35419,30008,33537,33519,28536,34895,35190,34974,41545,3810205,4415984,34428,36579,4405058,4631979,39942,4690832,37238,38407,466327,40795,34671,4684228,3852145,34920,717902,36496,674049,37055,34690,43220,33815,35545,4686415,36997,30956,33171,35315,33220,40135,37117,28385,4611995,30580,23852,37444,38434,36708,34681,30900,33435,42643,36951,4619591,35244,38465,36095,4121089,37167,34992,40321,29768,3813915,39373,34760,3619872,29992,30942,2909443,35981,1725620,35331,1358599,35631,23784,3513016,34923,34715,36119,29731,32905,33009,30297,35058,4667059,32894,43103,34749,29738,37234,35277,38806,39678,35777,634974,36523,34636,39118,33182,1385728,37022,4106420,35964,4614819,470897,3605019,110267,4589967,467797,31963,34947,1371407,1064728,42572,35104,35609,36033,465618,602498,33177,36130,30731,30417,37002,639747,4638250,717693,38815,477770,2465444,117270,23793,28501,3091958,35421,35166,42000,3965322,40197,108340,433885,34363,33149,34490,37495,4125490,37674,113330,41846,37103,34647,3724123,38675,35020,615692,39874,120384,36003,37198,34725,34440,3979856,156182,34667,485597,35707,36622,36725,35224,2845110,39969,34673,1580198,2336875,38274,4105439,35415,683329,599981,31903,1254216,37728,36841,31983,698388,34821,23350,42981,4662596,4408483,442695,34817,4684227,121215,35392,39697,3798593,35200,38676,538147,39499,3810586,34192,30290,472305,31937,29178,4679861,2338184,3270895,32844,3275114,37005,29827,37315,642022,37303,33816,137432,41979,623718,29239,3938081,35149,34632,37011,209253,2997722,35710,31178,36766,485592,4253794,34846,36117,41630,39538,1682499,23565,40008,1284130,4689228,3238322,4111625,41019,40855,41479,3805641,3548601,4106018,3041401,33425,4028714,36169,111185,3797787,3952016,3231063,41423,38249,42328,613670,193377,23916,36968,34203,35355,23384,652919,36352,28538,3919818,4402173,4275909,35096,4401233,39923,34783,120608,3699056,1561102,2689561,43198,4022817
4690052,4690051,36263,34335,742499,72,30613,34655,30114,34704,4689246,28505,35419,30008,34356,34895,33537,33519,4260288,42761,28536,34974,35190,4615003,4695071,466327,34428,34671,4664867,4067088,36579,39942,3810205,40732,38407,40795,37055,717902,37238,34920,36496,43220,35315,674049,34690,33815,4401233,4695569,4686415,30956,33171,35545,36997,37117,4679884,1860239,40135,4695070,33220,30580,42310,28385,34681,4674961,23852,4690894,38434,37444,4121089,36708,33435,3128021,4611995,36951,30900,36095,35244,37167,38465,34992,29768,42643,39373,29992,30942,34760,35981,35331,3813915,23784,40321,34923,35631,3513016,30297,1358599,3619872,36119,34715,4667059,29731,634974,32905,33009,1385728,41545,35058,38806,32894,37234,4614819,33182,35277,35777,34636,4689228,34749,39118,37022,29738,31963,35104,43103,1725620,602498,36523,35964,37002,39678,36130,42572,4589967,4106420,30417,1371407,1064728,465618,2909443,36033,33177,717693,34947,470897,30731,38815,35609,639747,3605019,2465444,36725,614022,477770,28860,23793,433885,42000,3979856,3810586,40197,37495,35421,28501,37103,34647,34490,37674,156182,4125490,3091958,113330,39874,3724123,117270,33149,39969,38675,615692,120384,34363,35415,34440,121215,35224,37728,442695,34725,1580198,485592,4111625,35020,4638250,34821,35166,23350,683329,362321,467797,31903,31983,31937,41846,3965322,42981,34673,36003,35392,35707,599981,35634,36622,35200,29178,37198,36841,4105439,3798593,4692133,34817,485597,4624344,30290,472305,538147,39697,41979,35149,3753507,23565,41479,39499,3270895,38274,36766,34667,29827,29239,37005,40855,37315,2997722,38676,2737574,39538,2338184,2845110,34632,40008,110267,4408483,4619591,4106018,37011,642022,34783,34846,33816,698388,623718,23384,31178,36117,3041401,1254216,3805641,3548601,35710,39923,36968,4662596,193377,120608,34192,35355,1682499,42115,2634289,110124,43198,37303,4394482,3506409,35750,30586,3238322,703991,667753,41019,36517,4028714,4253794,41630,41838,33425,36169,137432,37203,3919818,3275114,209253,4402173
4690052,4690051,36263,742499,34335,72,34655,30613,38407,30114,34704,30008,28505,35419,35190,33519,33537,34356,34974,28536,4260288,34895,466327,34671,34428,39942,42761,40795,717902,36579,3835310,37055,3810205,34920,4067088,36496,43220,40732,35315,33815,37238,674049,40135,34690,33171,37117,36997,4401233,30580,35545,30956,28385,23852,34681,33220,38434,37444,4692133,33435,36708,4695077,36095,36951,30900,35244,42310,29768,38465,4686415,4697931,4611995,29992,23784,42643,34992,37167,35331,39373,3513016,1290817,40321,634974,34923,3801896,35981,30942,34760,3813915,30297,4667059,32905,35631,36119,29731,2737574,1385728,3619872,1358599,34715,4689228,38806,35058,33009,34636,29738,602498,33182,32894,37234,35277,37022,4614819,35104,39118,30417,31963,42572,34749,30731,35964,33177,35777,4589967,717693,39678,23350,37002,36033,36523,465618,639747,3605019,43103,477770,34947,23793,4106420,36725,35609,2465444,38815,36130,3979856,1371407,4121089,1064728,470897,3810586,1580198,37495,41846,34647,485592,615692,113330,38675,3091958,34490,2421271,35421,35415,1725620,39874,33149,37728,2909443,433885,34821,31937,35020,117270,4111625,42981,28501,442695,42000,156182,37674,35224,120384,39969,34725,599981,34440,35707,31903,34673,40197,34363,485597,3724123,121215,3965322,29178,37103,36003,35392,35200,35166,467797,472305,37198,30290,31983,4638250,35634,38676,683329,36622,37005,36841,3798593,41479,29827,34783,4125490,34817,29239,538147,41545,2634289,35149,40008,2997722,39538,614022,23565,39697,40855,36766,34632,37011,37315,110124,39923,2769484,3806740,3548601,34667,34846,41979,39499,1682499,23384,4690833,642022,3041401,4106018,3919818,4105439,4408483,34192,667753,31178,33816,38274,1561102,43198,362321,35750,703991,3805641,698388,37303,36517,733424,35355,36968,4028714,41838,2845110,41423,193377,39721,4253794,3547946,623718,38249,36169,4687010,29724,2689561,35710,36599,35830,117814,34996,39876,41873,33425,209253,3270895,2338184,4402173,33409,686554,35096,29172,35476,40483
4690052,4690051,36263,742499,34335,72,38407,34655,30613,30114,34704,28505,3348100,34356,30008,35419,33537,33519,35190,28536,34974,466327,4260288,42761,34895,34428,40795,34671,717902,39942,36579,37055,43220,34920,36496,3810205,34690,4067088,33815,674049,36997,35315,33171,40135,40732,37117,30956,37238,35545,30580,33220,28385,23852,36708,37444,38434,33435,34681,36951,36095,38465,29768,30900,1290817,39373,35244,42643,29992,34992,35331,23784,42310,34760,30942,4611995,37167,4697931,3513016,40321,3619872,34923,35981,4686415,35058,36119,34715,29731,32905,35631,34636,30297,3801896,38806,2421271,634974,3813915,3835310,35104,33009,1358599,4401233,32894,4667059,29738,1385728,33182,35277,4689228,35777,37022,37234,4614819,33177,39118,42572,602498,31963,34749,4589967,39678,406503,35964,4696456,4106420,23350,30417,37002,717693,1064728,30731,35609,36033,477770,639747,465618,34947,36725,3605019,43103,1371407,38815,23793,36523,34821,37495,470897,36130,3979856,38675,2737574,34490,615692,39874,34647,28501,113330,3810586,35421,42000,1580198,41846,485592,2465444,433885,599981,33149,34725,42981,35415,31937,3091958,37674,34363,35224,2634289,35020,38676,120384,37728,117270,39969,34440,3965322,31983,4125490,1725620,34673,35707,442695,40197,467797,485597,4111625,29178,4638250,37103,35392,35200,31903,36003,36841,3798593,3724123,30290,37198,36622,4121089,37315,35166,37005,2909443,35149,29827,121215,34817,35634,4690833,538147,683329,472305,40008,156182,39697,34846,39538,34783,626924,37011,29239,41479,34632,35750,35355,23565,2769484,30586,40855,34192,34667,38274,3548601,39499,39923,642022,3270895,36766,3806740,36517,43198,3041401,33816,110124,36968,667753,118276,41979,23384,733424,38249,703991,1561102,4105439,362321,33425,31178,1682499,4408483,614022,37303,36169,36352,623718,4106018,2689561,3919818,41019,528572,36870,28538,679088,23888,35096,39721,2997722,3547946,39876,35830,145537,193377,35710,4103682,3805641,34996,4402173,4687010,4667120,41423,34120,115719,209253
4690052,742499,4690051,34335,72,36263,30613,34655,38407,34704,30114,34356,28505,30008,33519,33537,35419,35190,466327,4260288,28536,34974,40795,42761,34428,717902,34671,43220,39942,34895,37055,36579,34920,34690,36496,36997,3810205,33815,674049,30956,37117,35315,30580,40135,33171,33220,35545,4067088,28385,23852,37238,36951,40732,34681,36708,36095,38465,38434,4697931,37444,33435,29768,29992,34992,42643,30900,34760,39373,30942,23784,3513016,40321,35058,35331,34923,37167,29731,34715,34636,35981,30297,35777,32905,38806,1385728,1358599,3619872,35631,36119,35964,33009,42572,3813915,4611995,32894,634974,1290817,33182,35277,35104,4614819,37022,602498,37002,626924,29738,42310,39118,37234,4106420,33177,4589967,31963,4689228,39678,30731,35244,717693,1064728,34749,30417,36725,3605019,35609,23350,639747,36033,477770,43103,4686415,406503,34947,34821,38815,2543404,34647,37315,23793,4384151,465618,3801896,1580198,37495,42000,35421,36523,34490,3810586,38675,35020,39874,1371407,28501,4703414,615692,35415,31937,34363,599981,113330,42981,3979856,4125490,38676,36130,433885,35224,37728,3965322,33149,34725,4111625,120384,3091958,37674,29178,4692133,34440,4695077,470897,31983,1682499,467797,34673,39969,4638250,23888,117270,485597,35707,31903,35200,35392,2634289,683329,145537,40197,442695,41846,4673762,39488,3579781,37005,34783,4103682,30290,36003,1725620,36841,36622,35149,121215,3798593,3270895,35166,29827,2465444,39538,40008,34817,39697,29239,472305,110124,3724123,41479,34632,43198,37198,35634,34846,3548601,538147,37011,2421271,39923,642022,3938081,156182,40855,3096469,622964,39499,35750,36517,667753,23565,36766,33425,3041401,2583831,38274,41979,703991,3806740,34667,36968,679088,118276,35355,38249,2689561,455276,33816,433728,23384,30586,3805641,623718,35096,4682915,39721,362321,41019,34716,4670945,37000,36169,2769484,37303,36352,31178,4401233,4634733,4639362,4628818,3682638,34996,3986713,3816086,3683279,34192,3947435,528572,28538,34627,3547946,4687010,35476,209253
4690052,742499,34335,72,36263,4690051,30613,34655,34704,30114,38407,34356,30008,28505,33519,35190,33537,40795,35419,28536,466327,4260288,34974,717902,34428,34671,42761,1417986,39942,34920,43220,34681,36579,37055,34895,674049,34690,36997,36496,37117,3810205,30956,33815,40135,35315,30580,33220,33171,35545,36951,28385,23852,4697931,4067088,37238,36095,36708,29992,40732,29768,30900,38465,38434,3513016,37444,23784,33435,34760,4687010,30942,42643,39373,34992,40321,34923,1385728,35058,4106420,35331,30297,36725,1358599,34715,29731,32905,626924,35777,42572,34636,37167,3813915,634974,33009,38806,37002,602498,35981,35104,4614819,35277,35149,36119,37022,33182,35631,32894,1290817,35964,33177,39118,3619872,4611995,29738,717693,30731,3605019,37234,30417,31963,4589967,639747,23350,39678,35609,1064728,4689228,34749,37315,36033,477770,23793,34821,34490,34947,42981,43103,1580198,35244,42000,38815,38675,34647,35415,3810586,28501,1682499,37495,599981,35224,35020,34673,3979856,42310,39874,615692,4125490,30586,31937,34363,113330,35421,39488,23888,35166,38703,433885,37728,29178,1371407,120384,3965322,4552961,36523,465618,1627169,34440,3091958,31903,39538,4686415,4638250,34783,3640137,36130,34725,33149,442695,110124,117270,4111625,35200,35392,467797,37674,35707,31983,30290,145537,121215,39969,470897,683329,485597,40008,1194792,34632,3938081,4103682,36841,37005,29239,40197,41479,41846,37011,29827,4254131,3798593,472305,36003,38676,3270895,39923,2465444,3548601,39697,3805641,667753,40855,36622,3579781,642022,43198,34817,2689561,3801896,37198,115719,368556,455276,34846,156182,1725620,3724123,33425,538147,34325,37000,2372932,2634289,35634,38274,2769484,41508,1502990,116286,23565,3806740,406503,4667713,3947435,1542419,35750,703991,38768,35476,2737574,23384,36968,106601,41838,35250,4673762,118276,42016,3096469,35377,362321,36766,33816,34120,623718,36352,35096,29172,38249,42689,35355,35830,39721,679088,41979,37303,34996,36517,97682,36169,33426,3244645,656918
36263,4690052,34335,742499,72,34655,30613,4690051,35190,40795,30008,34704,717902,30114,4687010,4573438,101204,33519,34356,466327,4260288,34920,28505,38407,33537,1417986,34428,43220,37117,28536,35419,34671,42761,34974,1502990,39942,3810205,34681,4711060,4623359,37055,674049,23852,34895,40135,36997,36579,36496,34325,33815,23784,29992,3513016,28385,33171,41545,36951,30580,35315,34690,30900,4067088,120608,36095,35545,30956,1385728,37238,36725,33220,634974,626924,639747,29768,39118,36708,1358599,36868,42572,602498,4106420,3813915,35707,4586558,30417,37444,1407272,3605622,40732,30731,1188213,35224,38465,34923,39373,2737574,37167,33182,34715,33177,35331,38434,29731,37315,42981,33435,1580198,34992,34636,35058,4614819,35104,38806,3605019,42643,30297,36119,30942,23793,3979856,37022,32905,34760,35277,40321,35415,35149,4697931,717693,35631,4611995,35981,38703,3810586,29738,35964,33009,34821,39488,4589967,35777,102836,29178,35244,615692,39538,37728,37002,1290817,36033,23350,23888,34783,599981,41508,34490,41851,1521485,477770,3091958,35609,442695,31903,656918,4138523,36117,34647,39923,32894,31963,40488,1578411,29509,38675,4592652,3270895,1627169,4689228,31937,3938081,34947,37234,34673,1682499,2689561,39874,29239,39678,3805641,42000,37000,113330,40382,120384,1064728,3965322,35200,433885,2465444,4638250,1589793,35421,34749,686554,3548601,3752280,37495,30290,683329,40008,33425,35020,35166,1635316,3629727,40978,455276,538147,28501,368556,42016,41852,38815,29172,4711168,29827,34725,4686415,2769484,37011,3619872,667753,34440,41479,1594935,43198,145537,4103682,37005,43103,35392,39608,642022,42689,36523,4695077,3947435,117270,4125490,34632,33149,36599,485597,33426,37303,3806740,4111625,35377,1390112,110124,37674,467797,23384,703991,3919818,1371407,39969,121215,35250,36841,3798593,4275909,37337,40855,38449,41979,1363805,23767,23565,34363,31983,36130,41846,37198,1725620,472305,34996,465618,31993,3186714,30586,34846,547145,1342011,42310,4402173,41239,362321,41589,159189
34655,36263,4690052,742499,34335,4690051,30613,72,40795,35190,717902,30008,34356,34704,30114,466327,42761,34920,33519,4260288,37117,4687010,101204,28505,43220,33537,34428,34681,34974,35419,28536,1502990,39942,38407,3810205,34671,36725,1417986,23852,23784,37055,34895,36997,40135,36579,3513016,674049,36496,33171,30580,29992,33815,28385,30900,35315,1385728,36951,34325,4067088,36095,634974,626924,34690,35545,4106420,42572,639747,1358599,39118,37238,602498,30956,29768,36708,30417,36119,3813915,35224,3605622,33220,1188213,40321,30731,37444,36117,36868,35331,35707,34715,33177,1580198,4138523,37315,33182,34923,4614819,34821,40732,38465,34992,30297,1407272,39373,3979856,34636,29731,37167,3605019,38434,38806,42981,1290817,35058,35277,29178,23793,35104,41508,35981,3810586,33435,39488,37022,38703,40488,4589967,35964,32905,37728,615692,35244,29738,35631,42643,4611995,29509,33009,23888,34490,30942,1521485,3548601,37002,3091958,39538,39923,34760,599981,717693,23350,31963,39874,442695,35415,4592652,36033,3938081,1064728,35609,35166,2737574,35149,2689561,31903,3965322,4638250,113330,35777,34783,3752280,29239,34647,477770,31937,102836,37011,38675,34947,4697931,2465444,656918,538147,3805641,1682499,41851,42000,120608,34673,1635316,120384,28501,4689228,39678,37000,3270895,433885,683329,32894,35200,686554,455276,35020,4125490,40008,43198,30290,37234,1578411,2769484,35890,35421,29172,37495,42016,33426,2746656,41545,37303,42689,3797787,39608,36599,34725,4686415,33425,29827,40382,1627169,34749,1594935,642022,117270,3919818,3798593,4708426,37674,3947435,4397349,3629727,35392,3806740,703991,37005,23384,35377,30906,40978,34440,1390112,1363805,33149,4702599,4402173,34632,1371407,4111625,38815,41852,38449,485597,3619872,36523,1342011,23767,41846,4103682,4275909,118276,368556,110124,41979,36841,41479,37337,3186714,467797,39969,35476,43103,362321,42310,34192,145537,4638287,23565,711279,4658836,4413728,3809106,35250,667753,4408483,34846,4550891,31983,1725620,4106018,470897,35228,34057
4690052,742499,34655,36263,4690051,34335,40795,72,30008,30613,717902,34704,42761,35190,34356,30114,466327,4260288,33519,37117,34974,28505,33537,35419,43220,4718534,34920,36725,39942,101204,28536,34428,1417986,3810205,33171,120608,4697931,4586558,4687010,23784,23852,37055,34671,36496,34895,36997,36579,35315,674049,3513016,1385728,28385,33815,34681,30900,30580,34821,40135,38407,634974,36095,36951,36708,42572,37444,626924,1358599,602498,29992,1502990,4106420,30417,29768,4067088,35545,34715,34992,30731,35331,29509,3813915,34636,33177,38465,35224,34690,1580198,639747,30297,39118,39373,35707,37315,30956,37238,3810586,35631,1290817,4614819,35058,3605019,29178,41508,29731,3979856,38434,40732,35277,23793,36119,33009,3548601,34923,33182,33220,37022,35981,32905,1064728,33435,38806,42981,39488,37002,31963,35104,37728,28501,35964,34325,4589967,38703,1568250,29738,3091958,43198,442695,23888,35244,23350,39923,35609,31903,35166,4611995,39874,615692,42643,3938081,37167,4138523,39538,29239,3965322,37011,477770,34490,31937,113330,35890,1521485,538147,40321,34783,4125490,3805641,4581967,4592074,3752280,599981,120384,41979,717693,4638250,683329,3797787,35415,36033,2465444,36117,34647,117270,30942,37674,1188213,34947,33149,34760,2769484,34673,1407272,433885,3605622,1682499,118276,38675,686554,34725,35149,455276,36868,36599,3798593,35020,39678,37495,29172,35392,31983,4702599,470897,2689561,4424825,33426,40008,37303,703991,41589,37000,457726,35777,42016,35200,34817,34632,23384,3919818,31657,37005,4402173,362321,3270895,642022,41846,37234,38815,42000,42689,35476,30290,3724123,4689228,656918,1363805,3186714,36003,34440,40488,3781347,28538,36841,32894,3947435,1212365,35228,3809106,3806740,1342011,35421,29827,34749,2737574,34790,485597,528572,36523,43643,4638287,36968,23767,4550891,39608,4408483,4111625,35355,4718529,4562519,3593210,39969,472305,4275909,42310,34057,208529,34627,34846,31178,4106018,4665944,4686415,43137,33425,1371407,35377,4708426,34942,156182,35750,110124,4658836
4690052,742499,4690051,34655,30008,72,40795,34704,30613,30114,42761,717902,36263,33171,34335,34356,4260288,35190,466327,33519,34974,35419,28505,37117,33537,43220,39942,101204,36725,34920,28536,34428,3810205,23784,23852,36496,37055,35315,34895,1385728,36579,634974,34821,674049,36997,28385,34671,30580,33815,30900,3513016,4687010,1417986,37444,1358599,36708,42572,4586558,40135,4697931,35707,602498,36095,34715,626924,36951,29768,35331,30731,4106420,35545,34636,38465,30417,38407,35631,33177,4067088,30297,4718534,34681,29992,1580198,3810586,1568250,39373,3813915,34992,35058,3605019,37315,38434,29731,34690,29178,1064728,35224,41508,4614819,35277,31963,33009,35981,3979856,28501,23793,33435,120608,639747,39118,37238,30956,1290817,3548601,32905,40732,34923,37022,37728,42981,37002,36119,33182,43198,2918630,38806,35964,41979,3091958,29738,35104,39488,538147,39874,39923,33220,38703,35244,4589967,35609,442695,23350,477770,23888,31937,31903,1502990,4125490,3947435,39538,29239,113330,117270,4611995,37303,3805641,42643,34783,615692,35890,3938081,3965322,37674,29509,120384,2465444,35166,33149,34490,470897,1407272,3693311,1521485,686554,37167,457726,683329,717693,34725,118276,37011,36033,599981,4424825,34947,35149,34790,36599,34647,34673,2769484,35415,1212365,4638250,41589,31983,35392,39678,34817,38815,4702599,29172,3798593,34905,37495,34632,362321,455276,38675,433885,30942,1682499,703991,36841,34325,35476,41846,36003,31657,4699224,3797787,34760,35020,40008,4138523,3186714,23384,3919818,4619486,28538,642022,33426,4402173,35200,37234,35777,37000,37005,2709211,3806740,42689,1363805,547889,4638287,30586,34440,3724123,485597,42000,36117,43643,2689561,3809106,30290,36968,34942,472305,3593210,3752280,656918,42310,528572,43137,36523,35355,1342011,29827,34627,37198,40321,208529,38249,35228,4106018,39969,36352,3547946,34846,4408483,36169,34749,156182,4550891,29537,32894,34057,617049,4275909,35421,3270895,121512,4111625,41188,31178,43775,30460,1584193,3833769,42016,150482
4690052,742499,4690051,72,34704,30008,42761,30114,30613,34655,40795,4260288,34356,35419,34974,33519,34335,466327,28505,717902,35190,33537,101204,33171,37117,36263,39942,43220,36725,28536,4682997,34920,4591321,34428,3810205,36496,23852,34905,23784,34895,36579,35315,37055,634974,41545,674049,28385,34821,36997,33815,1385728,34671,36708,1358599,30900,30580,37444,4586558,3513016,40135,4697931,38465,42572,35631,602498,34715,36095,120608,35331,4687010,29768,34636,626924,35545,36951,4106420,30731,30297,33177,1417986,35058,39373,30417,38434,4067088,31963,32905,1580198,33435,34992,35981,1064728,3810586,38407,28501,29731,35277,33009,3605019,3813915,34690,3947435,4614819,29992,29178,41508,37315,35707,41979,3979856,23793,35224,30956,34923,37002,34681,39118,639747,38806,547889,37728,3548601,40732,35964,29738,36119,42981,33182,120384,37022,3091958,36841,477770,33220,1568250,113330,39874,4589967,35609,38703,4125490,3693311,39923,37238,35104,39488,35244,31937,3805641,43198,37674,31903,442695,117270,1290817,42643,23350,538147,23888,3965322,39538,29239,37303,33149,470897,2465444,4611995,38815,34783,34790,34947,34490,2769484,686554,3938081,41589,30586,35890,4578730,118276,34725,35149,34817,615692,1589793,34673,35166,36033,37495,683329,31983,34647,2690880,4424825,39678,717693,35392,1521485,1212365,36003,599981,41846,362321,37167,35415,29172,34632,36599,37011,4702599,433885,703991,30942,38675,3798593,455276,34760,35476,1682499,28538,35777,37234,3186714,4402173,4638250,642022,3593210,34440,35020,40008,31657,117215,4682929,34057,37005,23384,29537,117209,3919818,121512,33426,3806740,36968,485597,4104555,2885680,37000,37271,472305,35200,457726,42000,43137,30290,38249,617049,4562519,1363805,43643,4718529,34846,42689,156182,34942,42310,43775,37380,36523,3797787,1502990,2689561,37198,36352,3547946,3724123,34749,35355,36169,40295,3809106,34325,39969,656918,3022746,1342011,34627,528572,29827,35228,145537,4275909,36622,36117,110124,31178,32894,29509,4106018,208529,4638287
742499,4690052,4690051,72,42761,34704,30613,30114,30008,34655,35419,34974,4718534,34356,34335,28505,4260288,40795,466327,33519,35190,33537,717902,43220,37117,39942,33171,28536,36725,36263,34428,34920,36496,3810205,34895,23852,36579,35315,23784,37055,674049,634974,36997,33815,34905,36708,34671,28385,35631,120608,1358599,1385728,38465,4586558,40135,30580,35331,30900,34715,37444,42572,602498,3513016,36095,35545,29768,34636,442695,4106420,36951,101204,30731,38434,30297,39373,626924,35058,33435,32905,35981,34992,31963,28501,33177,33009,34690,4067088,1064728,3605019,30417,29731,35277,4614819,1580198,37303,30956,41508,38407,35224,29178,37002,3979856,29992,3947435,4578730,3813915,37315,33220,34923,43198,36119,38806,41979,639747,23793,39118,37674,3091958,29738,40732,33182,113330,4589967,477770,37728,31937,35609,4687010,39874,42981,37022,3548601,38703,42643,38815,4125490,35964,41545,39923,35104,120384,35707,3810586,35244,34681,33149,36841,37238,31903,117270,34947,41846,2465444,23350,3965322,470897,39488,34673,3805641,3619872,23888,37495,34817,37011,547889,29239,36003,39538,4611995,686554,1417986,41589,39678,34490,117209,34725,118276,35166,717693,362321,34783,34647,36033,30942,599981,34057,31983,538147,2769484,3938081,4421181,37167,615692,37234,34790,35777,4424825,35415,35392,34760,35890,433885,35149,1568250,34632,37005,703991,1212365,1290817,4702599,1521485,4697931,455276,38675,36599,115719,683329,28538,29172,3693311,35476,3186714,121512,34440,29537,642022,3798593,35020,40008,4402173,23384,1682499,42000,485597,3806740,35200,4638250,34325,34780,34749,38249,36523,36968,31657,37198,37271,4724715,3022746,34846,40295,472305,34942,156182,30290,3919818,34668,2689561,32894,43137,33426,34627,43643,3547946,36622,39969,39540,42689,36352,3833769,34120,3724123,3593210,35355,617049,36169,37000,35714,1363805,31178,42310,667753,656918,1342011,41019,36117,43103,4408483,29827,4275909,110124,3809106,4550891,33816,39876,145537,43775,3797787,4094556,3803893,4667120
742499,4690052,72,4690051,34704,30613,42761,35419,34655,30114,30008,34335,34974,28505,34356,466327,4260288,33519,35190,40795,33537,39942,37117,43220,717902,28536,33171,36725,34428,4703493,34920,34895,36496,36263,35315,30580,36579,35631,23852,37055,23784,33815,3810205,674049,36708,34671,36997,634974,28385,38465,1358599,40135,4586558,35331,442695,1385728,35545,36095,34715,29768,34636,30900,37444,38434,602498,42572,33435,34905,3513016,36951,35058,39373,35981,34690,32905,28501,33009,30297,4106420,34992,30731,626924,31963,33177,29731,30956,1064728,4614819,38324,35277,120608,33220,3605019,4067088,37303,36119,30417,34923,35149,37002,1580198,38407,35224,29178,37674,38806,41508,29992,41846,38815,34821,43198,29738,3979856,42643,37315,34673,35609,39118,3813915,3091958,113330,33182,639747,477770,4589967,39874,34947,36003,37022,23793,31937,37728,3947435,3548601,40732,33149,42981,35104,35964,4125490,38703,470897,2380347,3965322,34817,34681,35244,23350,31903,117270,37495,41979,39923,3805641,36841,37234,120384,4687010,39678,37238,2465444,30942,686554,41589,35777,35707,39488,29537,37167,34490,31983,39538,23888,34760,34725,35750,4611995,717693,36033,29239,599981,34647,615692,4578730,37011,35166,35415,703991,35392,34057,2769484,362321,34632,118276,101204,433885,38675,37005,4424825,1212365,3938081,34668,34783,34440,117209,39540,28538,35890,3810586,34749,35476,455276,35020,35714,1521485,3186714,538147,40008,4702599,2918630,642022,485597,29172,3798593,42000,36523,683329,3806740,36599,32894,34942,4638250,4402173,34790,34325,121512,40295,39969,38249,3022746,35200,1290817,34120,30290,34846,3593210,37198,36622,40321,36968,36117,4699258,31657,156182,472305,23384,1668970,1682499,4111625,2689561,4421181,39876,3619872,37271,35355,36352,43103,34627,667753,3724123,41019,1371407,3919818,3547946,1568250,4550891,37369,31178,36169,29827,42310,36517,4408483,33816,110124,33426,43137,656918,40197,42689,43643,3693311,41873,34780,34912,37000,4275909,4106018,3833769
742499,4690052,72,30613,34655,34335,34704,4690051,30114,35419,42761,34974,28505,30008,34356,466327,35190,33519,4260288,33537,40795,35631,39942,28536,43220,37117,34895,34428,717902,36579,34920,36496,33171,34671,36263,36725,35315,23852,37055,33815,4737884,36997,23784,30580,3810205,36708,674049,35545,38465,40135,34690,28385,38434,40316,634974,35331,28501,33435,35981,30956,1358599,36095,34636,29768,3513016,42643,33220,36951,1385728,33009,37444,30900,35058,34715,39373,32905,602498,442695,30297,42572,34905,34992,34821,36003,29731,35277,626924,34923,38324,4106420,31963,41846,36119,30731,4614819,30942,34817,37234,33177,1064728,34947,38806,683329,43198,29738,33149,35609,34760,35714,37002,4067088,3605019,30417,33182,29992,37674,477770,39118,4589967,38407,34681,40321,35777,1580198,41508,37315,3813915,3091958,4586558,34673,35224,39540,29178,3979856,37022,42981,37495,35964,34668,39874,23793,35104,639747,120384,35149,39678,39876,40732,31903,37303,34749,3548601,31937,36523,37238,37728,36033,3965322,36841,38703,113330,470897,3805641,32894,34647,717693,34912,41589,117270,433885,35415,3947435,39538,39923,35244,31983,599981,686554,34490,37167,35707,23350,39488,4611995,4125490,37005,34440,34725,4687010,29537,38675,29239,23888,39969,2465444,615692,35020,118276,43103,37011,35392,3938081,42000,703991,34057,2769484,34632,35166,40008,35750,4424825,1417986,1371407,37369,28538,35476,37198,36622,3186714,667753,3724123,35890,455276,30290,485597,642022,1290817,35200,3806740,465618,29172,538147,41979,34783,41019,38249,467797,33816,1682499,34846,4702599,3270895,156182,35940,4638250,362321,33547,1521485,34325,40197,39697,29827,37271,4402173,36130,4111625,36968,36117,145537,3798593,34890,4550891,34363,3022746,3124424,40295,36599,39589,33774,34120,31657,23384,41479,2689561,4275909,35830,40855,713797,34942,42115,4105439,121215,3810586,121512,1725620,656918,472305,36352,36175,33425,36870,150482,36169,38274,4408483,34790,110124,34780,4103682,32844
742499,4690052,72,30613,34655,34335,34704,30114,4690051,42761,28505,35419,34974,466327,30008,34356,35190,33537,35631,33519,4260288,40795,28536,34895,39942,37117,34428,43220,717902,34920,36579,36496,4745262,34671,37055,33171,35315,33815,36263,35545,23852,38465,34690,36997,40135,3972402,36725,724640,42643,23784,3810205,36708,3838683,3500388,30580,674049,35981,30956,36095,28501,28385,38434,33435,33220,35331,32905,634974,34992,33009,36951,34636,29768,40316,35058,1358599,39373,3513016,37444,30900,36003,34715,35277,30297,37234,34923,35714,29731,1385728,34681,38806,602498,41846,34817,30942,442695,40321,34760,36119,305353,459904,38815,42572,34821,4047690,33149,39540,31963,411819,4614819,34905,4744089,35609,2449411,34947,29738,37002,39118,35777,2519724,35964,30731,2331862,4106420,3605019,1064728,33182,4589967,4586558,1183852,36523,33177,37238,34668,1785148,34912,626635,120384,477770,34749,29992,38407,34673,39678,420275,37495,4067088,35244,32894,37674,255563,433885,3091958,30417,4737884,37022,42981,35224,43103,4734842,3979856,36033,35104,639747,3813915,4125341,1580198,717693,43198,36841,31903,3965322,40732,34647,39874,35940,23793,41589,29178,35415,470897,31937,37005,39876,29537,23350,37303,41508,39969,686554,599981,117270,37369,37728,34440,39538,35707,116286,34490,31983,711279,38703,113330,683329,626924,37167,37315,3805641,1371407,3548601,35149,38324,4611995,42000,35020,38675,465618,39923,467797,32844,36622,34725,36130,642022,37198,33816,40008,35743,2769484,30290,35166,667753,35392,29239,4125490,34846,615692,37011,713797,39697,33547,28538,3724123,2338184,118276,41019,4027634,2465444,34363,34632,35750,35200,35476,485597,1290817,703991,36870,4424825,37271,34667,38274,3022746,1725620,4687010,3186714,2763238,4244754,39589,538147,2995585,29827,40295,40197,33774,34890,1092192,38249,40855,29172,4638250,4578730,4105439,41479,36117,156182,679088,145537,3806740,3256220,1561102,36968,42125,2689561,4402173,35421,4702599,34783,36175,35890,34120,41979
742499,4690052,72,34655,30613,34335,34704,42761,30114,28505,35419,4690051,34974,466327,35631,34356,33537,30008,35190,33519,28536,34895,4260288,40795,39942,34428,37117,36496,43220,34920,36579,37055,717902,42643,34671,33815,35545,33171,36263,35315,38465,34690,36997,23852,40135,35981,36708,36095,23784,28501,674049,33009,30956,32905,36725,30580,33220,3810205,4745825,34992,33435,38434,28385,35331,36951,35058,39373,34636,29768,37444,35277,3783112,634974,36003,34715,37234,41846,4586558,38806,35714,1358599,34923,34817,29731,40321,30297,30900,38815,34905,30942,3513016,36119,34760,442695,34681,35964,4614819,33149,39540,1064728,40316,34821,602498,35609,1385728,34947,31963,29738,37238,4589967,35777,34912,34668,33182,36523,42572,39118,477770,39678,116286,38407,3605019,34749,37495,4106420,120384,32894,33177,29537,31983,30731,37002,36841,37198,34673,35104,37022,29992,433885,35244,43103,36033,37674,40732,42981,35224,470897,3091958,1371407,4027634,717693,37005,4067088,35940,639747,41589,30417,39874,37369,3979856,35707,34647,3813915,35415,31903,43198,39969,34440,23350,599981,113330,42000,1580198,34490,23793,37167,117270,465618,679088,467797,39538,31937,36622,39876,38675,29178,35020,3965322,32844,3548601,35743,305353,4611995,37303,40295,34725,33547,4125490,38274,41508,711279,38703,686554,40008,34846,683329,37728,1561102,118276,35149,2338184,33816,36130,4578730,35166,28538,39697,642022,713797,42115,41019,35392,37011,667753,36870,37271,3022746,30290,615692,39923,37315,30586,2519724,34667,3805641,4638250,2769484,34363,34632,4244754,1725620,485597,4687010,2331862,38324,3724123,35750,538147,42310,35200,2763238,34890,3256220,36117,33774,39589,1785148,29239,38249,29827,34942,2465444,42125,420275,2129423,40197,37103,35476,3186714,1290817,4550891,703991,255563,4105439,36968,36175,626924,3124424,36352,34120,1092192,35421,35006,4702599,4424825,40855,2689561,3798593,4402173,3018231,93602,38676,36169,41479,34385,34780,4110401,34627,623718,29172
742499,4690052,72,34655,30613,34335,34704,30114,42643,28505,42761,34356,35419,34974,4690051,466327,35631,33537,35190,30008,33519,28536,34895,39942,34428,4260288,40795,37117,36579,36496,34920,37055,43220,34671,33815,35545,717902,36263,35315,36997,38465,33171,34690,23852,35981,40135,28501,36095,33009,491885,3810205,36708,23784,30580,674049,33435,36725,30956,32905,33220,38434,36951,28385,29768,39373,34636,34992,37444,35058,35331,37234,35277,41846,36003,34681,634974,34923,38815,34817,29731,34715,36119,30297,38806,35714,1561102,1358599,4586558,30900,35964,40321,30942,1064728,33149,4614819,35609,34760,37238,3513016,34912,442695,39540,29738,122715,31963,602498,33182,34821,34905,39118,34947,34668,36523,4589967,39678,1385728,477770,116286,3605019,37495,35777,38407,42572,34749,120384,33177,32894,31983,37198,29537,36033,35104,1371407,37022,470897,4106420,43103,37005,433885,93602,4113585,30731,42981,36841,37002,29992,34667,41589,717693,35940,34673,3091958,34647,40732,37369,35224,639747,35707,35244,39538,32844,35415,39969,3979856,31903,37674,39874,30417,3965322,4067088,34490,2338184,34440,465618,113330,679088,36870,23350,599981,3813915,4578730,35743,42000,117270,37167,37103,35020,23793,38675,34846,36622,43198,31937,1580198,1290817,34725,713797,33547,35149,36130,36117,29178,40008,4571908,40295,4611995,2769484,37011,4687010,28538,35392,33816,4103682,3548601,30290,615692,41019,317531,39876,39697,642022,4624244,667753,35750,40316,37728,467797,485597,118276,4125490,3022746,38274,37271,3724123,2129423,37303,35166,34632,35200,42310,3186714,38703,1725620,3256220,34890,41508,3805641,538147,2883688,34363,29827,33774,2857603,4638250,36987,472305,39923,683329,37315,686554,1557352,39589,40197,29239,42115,41479,4712423,2465444,38249,40855,34942,42125,351845,4027634,703991,36175,35421,35476,3843170,4110401,1738752,2763238,1620632,35006,111185,38676,34120,2689561,36968,3798593,4105439,36352,156182,4550891,3613442,4402173,30586,3806740,39499,1092192
742499,4690052,72,42643,34655,30613,34335,34704,42761,30114,28505,35419,34356,35631,34974,466327,33537,4690051,33519,35190,28536,30008,34895,34428,39942,36579,37117,40795,36496,4260288,34920,34671,37055,33815,35545,43220,36263,717902,36997,34690,35315,38465,35981,33171,40135,30580,23852,36095,28501,30956,674049,33009,33435,33220,36708,4586558,23784,38434,3810205,36951,32905,39373,37234,35058,29768,28385,34636,37444,34905,36003,35331,41846,40321,4614819,35714,36725,35277,34681,34992,34923,34817,36119,29731,4113585,38806,30297,30942,34715,33149,93602,39540,34760,38815,634974,34912,35609,36523,35964,1064728,30900,4267936,29738,1358599,1561102,120384,34667,39118,34668,33182,37103,3965322,31963,32894,34821,37495,35777,34947,39678,4589967,38407,37238,442695,34749,433885,602498,36870,477770,3513016,36841,36033,43198,37198,1371407,33177,35104,4750433,43103,37022,3605019,470897,29537,156182,31983,37369,32844,34440,717693,1385728,35166,34647,4106420,42572,35940,35743,41589,29992,39538,41019,39969,34673,42981,113330,639747,35707,37002,35415,35224,37005,34490,36117,4067088,40732,31903,599981,465618,42000,34846,3091958,4578730,467797,36622,35020,35244,30731,4638250,491885,38675,37674,37167,122715,39874,117270,36130,3813915,30417,2338184,713797,40008,33816,34725,679088,31937,3979856,23350,39697,30290,38676,23793,37271,33774,35149,4611995,33547,37011,35392,28538,485597,38274,3022746,34363,615692,36987,1725620,118276,3724123,667753,642022,1580198,3256220,29178,538147,40295,116286,35750,34890,3548601,4687010,2769484,4550891,4125490,42310,40197,1290817,35200,34632,29827,1092192,40022,4571908,41479,39876,4103682,37728,2129423,35006,472305,36175,37303,42125,41508,3186714,30586,3018231,38703,4110401,111185,683329,3805641,40855,4712423,3843170,34120,34942,35421,38249,36352,38819,4424825,37315,36799,23565,193377,39923,36169,3067668,121512,703991,34192,37049,39589,623718,4624244,2763238,34385,42115,34627,4704704,4105439,3806740,29724
742499,4690052,42643,72,34655,30613,34335,34704,42761,28505,30114,35631,35419,34356,34974,466327,33537,33519,4690051,35190,28536,34895,30008,34428,40795,39942,37117,36579,36496,35545,33815,34920,37055,34671,30580,4260288,43220,36263,34690,36997,717902,35981,38465,35315,40135,33171,36095,23852,30956,33220,33009,28501,674049,33435,34905,36708,39373,37234,40321,93602,36951,35058,38434,23784,32905,36003,3810205,4267936,34636,29768,41846,28385,35331,35714,34923,37444,36523,34817,36119,4614819,35277,34992,34760,33149,34681,29731,30942,38815,39540,38806,34715,34912,36870,35964,30297,36725,35609,120384,32894,39678,1064728,35777,34668,29738,34667,30900,34749,33182,4113585,34821,4589967,39118,634974,37495,31963,36841,37238,43103,433885,34947,29992,3862381,36033,38407,1358599,477770,1371407,1561102,35104,3965322,34440,36117,37369,37198,37022,467797,32844,37103,36622,35743,34673,602498,33177,35940,31983,41589,39969,40732,442695,717693,37002,39538,470897,34647,29537,3513016,465618,41019,113330,3605019,42000,37005,2338184,35707,639747,156182,4106420,35224,34490,599981,31903,35415,42572,36130,38675,406503,4067088,713797,1385728,4623268,4578730,38676,35020,39697,42310,33774,34846,37271,117270,43198,33816,35244,3091958,37167,42981,4586558,30731,37674,4611995,4638250,40008,34363,3813915,39874,34725,30290,38274,1725620,35166,1092192,35149,40022,116286,485597,33547,31937,642022,41630,3724123,3022746,35006,23793,37011,118276,30417,35392,41889,3018231,39876,667753,28538,40197,615692,3979856,538147,3256220,34890,679088,23350,29827,35200,36987,472305,4125490,35750,3548601,111185,36799,42125,35421,34632,2634289,38819,36175,38249,36352,4550891,1580198,3843170,40295,37049,433728,3270895,37303,34203,39499,39916,29178,41479,39589,30586,623718,3124424,4110401,4424825,34942,34325,2769484,41508,38703,683329,744531,40855,1876321,37728,36169,34120,193377,40423,2763238,23565,4571908,4712423,2129423,35710,34385,122715,4687010,4103682,709512
742499,4690052,42643,72,34655,30613,34335,42761,28505,30114,34704,4737082,35631,34974,35419,466327,34356,33537,28536,33519,35190,34895,30008,4690051,34428,39942,35545,37117,40795,36496,30580,36579,34671,33815,34920,37055,34690,4260288,43220,38465,33009,36263,35981,717902,36997,35315,30956,40135,33220,33171,23852,36095,40321,28501,33435,36951,674049,37234,36523,34905,38434,1290817,36708,41846,39373,36003,23784,35058,34923,28385,34760,29768,3810205,35331,32905,30942,35714,34636,34817,34992,39540,38815,34681,34912,36119,4755761,37444,43103,29731,33149,3270895,34715,93602,35277,38806,4614819,35777,30297,35609,32894,1561102,34749,35964,1358599,120384,4623268,39678,34667,36870,34668,36725,36117,29738,4589967,33182,36841,39118,1064728,35104,467797,36033,32844,31963,35166,433885,37495,34821,30900,34947,37238,477770,1371407,37369,38407,42310,34440,4111625,29992,37198,36130,37022,41589,634974,2634289,35743,35940,465618,39969,113330,36622,39538,4757623,37002,41019,3965322,2338184,717693,34647,42000,602498,42572,35244,4267936,34673,35415,31983,37005,639747,35224,41670,470897,599981,39697,40732,3124424,442695,31903,3513016,3605019,34490,33177,35707,34363,38675,3018231,35020,38676,4106420,37271,4113585,33774,33816,37103,4067088,40022,41889,43198,4578730,117270,3091958,37167,38274,1385728,35006,29537,34846,4611995,30290,1725620,156182,37674,40197,3813915,118276,642022,34725,30731,667753,4739548,1092192,33547,41979,615692,39874,35392,111185,39499,3724123,42981,120608,23793,31937,108340,485597,40008,41630,35421,35149,37011,35200,4687010,30417,4638250,23350,538147,472305,29827,35750,37049,3256220,1876321,28538,39876,623718,37239,39916,3862381,42125,3979856,433728,36032,34890,36987,116286,38249,34632,4110401,1580198,36175,193377,38819,41479,4125490,3022746,679088,3548601,209253,40855,35710,36766,34942,36352,41295,104304,34203,39589,744531,3132552,36169,34385,41423,37315,40005,29178,210269,37303,683329,23565,3843170,36799
